{
    "model": "gr4j",
    "calibration_metrics": {
        "KGE": 0.608386406058315,
        "RMSE": 1.5052120484740554,
        "NSE": 0.26464900125179813,
        "R2": 0.3838441014386885,
        "PBIAS": 8.476335279784735
    },
    "scenario": "humid_perennial",
    "data_length": 12418,
    "validation_metrics": {
        "KGE": 0.40212059704949543,
        "RMSE": 1.6040489263448274,
        "NSE": -0.020275416614148112,
        "R2": 0.26236596518284616,
        "PBIAS": 34.52092398239604
    },
    "data_file": "G:\\Dataset\\camels_dataset.npz",
    "validation_period": "1:4018",
    "calibration_period": "1:3652",
    "sensitivity": {
        "fixed": [
            "x1",
            "x4",
            "x3"
        ],
        "param_names": [
            "x1",
            "x4",
            "x3",
            "x2"
        ],
        "sensitivities": [
            0.0005030890424387736,
            0.0043565438980328365,
            0.052877326162529964,
            1.0
        ],
        "calibratable": [
            "x2"
        ]
    },
    "diagnostics": {
        "summary": "校准存在问题，请参考 recommendations 进行调整。",
        "plateau": {
            "passed": false,
            "best_worst_gap": 0.017047284628885717
        },
        "convergence": {
            "passed": true,
            "cv": 0.014305421891005627,
            "objective_values": [
                0.601709900070696,
                0.608386406058315,
                0.5913391214294292
            ],
            "spread": 0.008590097933542531,
            "n_trials": 3
        },
        "hat_trick": false,
        "recommendations": [
            "INCREASE_BUDGET: 目标函数仍有明显改善空间，建议增加迭代次数"
        ],
        "boundaries": {
            "passed": true,
            "at_bound": [
            ]
        },
        "parameter_spread": {
            "details": {
                "x1": {
                    "cv": 0.03999559203136388,
                    "std": 5.662927831093551
                },
                "x4": {
                    "cv": 0.16328778493029483,
                    "std": 0.36189914756429503
                },
                "x2": {
                    "cv": 0.047618920004544166,
                    "std": 0.032414141991068075
                },
                "x3": {
                    "cv": 0.05953770991696997,
                    "std": 2.3303219288880186
                }
            },
            "unidentifiable": [
            ]
        }
    },
    "best_parameters": {
        "x1": 136.2176390775311,
        "x4": 1.8302564866771034,
        "x2": 0.6878101295372377,
        "x3": 39.99498355762051
    }
}