parameter,sensitivity
x1,0.0005030890424387736
x4,0.0043565438980328365
x3,0.052877326162529964
x2,1.0
