parameter,sensitivity
x1,0.013156231373457967
x4,0.3667838548588112
x3,0.2404424108403462
x2,1.0
